BEGIN
    FOR C IN (SELECT TABLE_NAME FROM USER_TABLES) LOOP
    EXECUTE IMMEDIATE ('DROP TABLE '||C.TABLE_NAME||' CASCADE CONSTRAINTS');
    END LOOP;
END;
/
--접속유저의 모든 시퀀스 삭제
BEGIN
FOR C IN (SELECT * FROM USER_SEQUENCES) LOOP
  EXECUTE IMMEDIATE 'DROP SEQUENCE '||C.SEQUENCE_NAME;
END LOOP;
END;
/
--접속유저의 모든 뷰 삭제
BEGIN
FOR C IN (SELECT * FROM USER_VIEWS) LOOP
  EXECUTE IMMEDIATE 'DROP VIEW '||C.VIEW_NAME;
END LOOP;
END;
/
--접속유저의 모든 트리거 삭제
BEGIN
FOR C IN (SELECT * FROM USER_TRIGGERS) LOOP
  EXECUTE IMMEDIATE 'DROP TRIGGER '||C.TRIGGER_NAME;
END LOOP;
END;
/

--시퀀스 추가
CREATE SEQUENCE SEQ_RVNO NOCACHE;   -- REVIEW 테이블 시퀀스
CREATE SEQUENCE SEQ_CSNO NOCACHE;    -- CONSULTING 테이블 시퀀스
CREATE SEQUENCE SEQ_CPNO NOCACHE;    -- COLLABORATION_CP 테이블 시퀀스
--CREATE SEQUENCE SEQ_MGNO NOCACHE;  -- MEMBER_GRADE 테이블 시퀀스
CREATE SEQUENCE SEQ_NBO NOCACHE;	-- NOTICE 테이블 시퀀스

CREATE SEQUENCE SEQ_QBO NOCACHE;  -- QNA 테이블 시퀀스 (확실하지 않음)
CREATE SEQUENCE SEQ_ENO NOCACHE; -- EVENT_BOARD 테이블 시퀀스 (확실하지않음)

CREATE SEQUENCE SEQ_DNO NOCACHE; -- DRESS 테이블 시퀀스
CREATE SEQUENCE SEQ_SNO NOCACHE; -- STUDIO 테이블 시퀀스
CREATE SEQUENCE SEQ_MKNO NOCACHE; -- MAKEUP 테이블 시퀀스

CREATE SEQUENCE SEQ_MNO NOCACHE; -- member 테이블 시퀀스

CREATE SEQUENCE SEQ_HNO NOCACHE; -- HALL 테이블 시퀀스
CREATE SEQUENCE SEQ_IMG NOCACHE; -- PRODUCT_IMG 테이블 시퀀스
CREATE SEQUENCE SEQ_GRIV NOCACHE;   -- GIFT REVIEW 테이블 시퀀스
CREATE SEQUENCE SEQ_GBO NOCACHE;   -- GIFT 테이블 시퀀스
CREATE SEQUENCE SEQ_GHIS NOCACHE;   -- GIFT HISTORY 테이블 시퀀스
CREATE SEQUENCE SEQ_CNO NOCACHE;  -- COUPON 테이블 시퀀스

--관우 테이블 추가

CREATE TABLE PRODUCT_IMG(
    IMG_NO NUMBER PRIMARY KEY,
    PRODUCT_NO VARCHAR2(20),
    IMG_1 VARCHAR2(100),
    IMG_2 VARCHAR2(100),
    IMG_3 VARCHAR2(100),
    IMG_PATH VARCHAR2(100)
);

CREATE TABLE DRESS(
    D_CODE VARCHAR2(20) PRIMARY KEY,
D_ENTERPRISE VARCHAR2(100) NOT NULL,
D_DETAIL VARCHAR2(100),
D_PRICE NUMBER,
D_START_DATE VARCHAR2(2),
D_END_DATE VARCHAR2(2),
D_PHONE VARCHAR2(13),
D_ADDRESS VARCHAR2(100),
D_UNIT_TIME NUMBER,
D_WEEK_OPEN VARCHAR2(1) CHECK (D_WEEK_OPEN IN ('Y', 'N'))
);

CREATE TABLE HALL(
    H_CODE VARCHAR2(20) PRIMARY KEY,
    H_ENTERPRISE VARCHAR2(100) NOT NULL,
    H_NAME VARCHAR2(100) NOT NULL,
    H_DETAIL VARCHAR2(300),
    H_SEAT NUMBER,
    H_RENTAL NUMBER,
    H_RESTAURANT_SEAT NUMBER,
    H_MEAL NUMBER,
    H_START_TIME VARCHAR2(2),
    H_END_TIME VARCHAR2(2),
    H_PHONE VARCHAR2(30),
    H_ADDRESS VARCHAR2(100),
    H_UNIT_TIME NUMBER,
    H_WEEK_OPEN VARCHAR2(1) CHECK(H_WEEK_OPEN IN('Y','N'))
);

CREATE TABLE MAKEUP(
    M_CODE VARCHAR2(20) PRIMARY KEY,
    M_ENTERPRISE VARCHAR2(100) NOT NULL,
    M_DETAIL VARCHAR2(100),
    M_PRICE NUMBER,
    M_START_DATE VARCHAR2(2),
    M_END_DATE VARCHAR2(2),
    M_PHONE VARCHAR2(30),
    M_ADDRESS VARCHAR2(100),
    M_UNIT_TIME NUMBER,
    M_WEEK_OPEN VARCHAR2(1) CHECK(M_WEEK_OPEN IN('Y','N'))
);

CREATE TABLE STUDIO(
    S_CODE VARCHAR2(20) PRIMARY KEY,
    S_ENTERPRISE VARCHAR2(100) NOT NULL,
    S_DETAIL VARCHAR2(100),
    S_PRICE NUMBER,
    S_START_DATE VARCHAR2(2),
    S_END_DATE VARCHAR2(2),
    S_PHONE VARCHAR2(30),
    S_ADDRESS VARCHAR2(100),
    S_UNIT_TIME NUMBER,
    S_WEEK_OPEN VARCHAR2(1) CHECK(S_WEEK_OPEN IN('Y','N'))
);

CREATE TABLE RSV_BASKET(
    COMPANY_NO VARCHAR2(20),
    USER_NO NUMBER
);

--재성 테이블-----------------------------------------------------------
---------------- 테이블 생성 ---------------------
-- 공지사항 테이블
CREATE TABLE NOTICE
      (
        NOTICE_NO NUMBER PRIMARY KEY
      , USER_NO NUMBER
      , NOTICE_TITLE VARCHAR2(300) NOT NULL
      , NOTICE_CONTENT VARCHAR2(2000) NOT NULL
      , COUNT NUMBER DEFAULT '0'
      , NOTICE_DATE DATE DEFAULT SYSDATE
      , STATUS VARCHAR2(1) DEFAULT 'Y'        
      );
      

-- QNA 테이블
CREATE TABLE QNA
     (
       QNA_NO NUMBER PRIMARY KEY
     , USER_NO NUMBER
     , QNA_TITLE VARCHAR2(300) NOT NULL
     , QNA_CONTENT VARCHAR2(2000) NOT NULL
     , QNA_ANSWER VARCHAR2(2000)
     , QNA_DATE DATE DEFAULT SYSDATE
     , STATUS VARCHAR2(1) DEFAULT 'Y'
     );
     
--  유저쿠폰 테이블
CREATE TABLE USER_COUPON
     (
       COUPON_NO NUMBER
     , USER_NO NUMBER
     , STATUS VARCHAR2(1) DEFAULT 'Y'
     );
     
-- 쿠폰
CREATE TABLE COUPON
      (
        COUPON_NO NUMBER PRIMARY KEY
      , COUPON_CONTENT VARCHAR2(2000) NOT NULL
      , COUPON_VALUE NUMBER NOT NULL
      , START_COUPON DATE DEFAULT SYSDATE
      , END_COUPON DATE
      );
      
-- 이벤트 게시판
CREATE TABLE EVENT_BOARD
     (
       EVENT_NO NUMBER PRIMARY KEY
     , COUPON_NO NUMBER
     , EVENT_TITLE VARCHAR2(300) NOT NULL
     , EVENT_CONTENT VARCHAR2(2000) NOT NULL
     , CREATE_DATE DATE DEFAULT SYSDATE
     , START_EVENT DATE DEFAULT SYSDATE
     , END_EVENT DATE
     , STATUS VARCHAR2(1) DEFAULT 'Y'
     );

--현우테이블--------------------------
-- 좋아요
CREATE TABLE GREAT
    (
      GREAT_NO NUMBER NOT NULL
    , USER_NO NUMBER
    );    
-- 장바구니
CREATE TABLE BASKET
    (
      REF_NO NUMBER NOT NULL
    , USER_NO NUMBER
    , COUNT NUMBER DEFAULT 0
    );
-- 답례품 리뷰
CREATE TABLE GIFT_REVIEW
    (
      GRIV_NO NUMBER PRIMARY KEY
    , GHIS_NO NUMBER -- 
    , GRIV_CONTENT VARCHAR2(2000) NOT NULL
    , GRIV_GRADE NUMBER DEFAULT 1
    , CREATE_DATE DATE DEFAULT SYSDATE
    );
-----------------------
-- 답례품
CREATE TABLE GIFT
    (
      GIFT_NO NUMBER PRIMARY KEY
    , CATEGORY_NO NUMBER --
    , GIFT_NAME VARCHAR2(100) NOT NULL
    , GIFT_CONTENT VARCHAR2(2000) NOT NULL
    , GIFT_PRICE VARCHAR2(100) NOT NULL
    , COUNT NUMBER DEFAULT 0
    );

-- 답례품 카테고리
CREATE TABLE GIFT_CATEGORY
    (
      CATEGORY_NO NUMBER PRIMARY KEY
    , CATEGORY_ITEM VARCHAR2(100) NOT NULL
    );
    
-----------------------  
-- 예약리뷰 사진
CREATE TABLE RESERVE_IMG
    (
      REVIEW_NO NUMBER --
    , ORIGIN_NAME VARCHAR2(500) NOT NULL 
    , CHANGE_NAME VARCHAR2(500) NOT NULL
    , FILE_PATH VARCHAR2(2000)
    );
-- 답례품 리뷰 사진
CREATE TABLE GIFT_IMG
    (
      REVIEW_NO NUMBER --
    , G_ORIGIN_NAME VARCHAR2(500) NOT NULL 
    , G_CHANGE_NAME VARCHAR2(500) NOT NULL
    , G_FILE_PATH VARCHAR2(2000)
    );

-----------------------     
-- 답례품 결재내역
CREATE TABLE GIFT_HISTORY
    (
      GHIS_NO NUMBER PRIMARY KEY
    , GIFT_NO NUMBER --
    , USER_NO NUMBER
    , BUYMETHOD_NO NUMBER --
    , PAYMENT_NO NUMBER --
    , CATEGORY_NO NUMBER 
    , CREATE_DATE DATE DEFAULT SYSDATE
    );
-- 결재금액
CREATE TABLE PAYMENT
    (
      PAYMENT_NO NUMBER PRIMARY KEY
    , TOTAL_PAY NUMBER NOT NULL
    , DISCOUNT NUMBER
    );
-- 구매방식
CREATE TABLE BUY_METHOD
    (
      BUYMETHOD_NO NUMBER PRIMARY KEY
    , BUY_METHOD NUMBER DEFAULT 1 
    );
---------------------------------------
--원종테이블---------------------------

-- 사용자 테이블 생성
CREATE TABLE MEMBER(
    USER_NO NUMBER PRIMARY KEY,
    USER_ID VARCHAR2(30) NOT NULL UNIQUE,
    USER_PWD VARCHAR2(30) NOT NULL,
    USER_NAME VARCHAR2(30) NOT NULL,
    BIRTHDAY DATE,
    GENDER VARCHAR2(1) CHECK(GENDER IN('M','F')),
    PHONE VARCHAR2(13),
    EMAIL VARCHAR2(30),
    STATUS VARCHAR2(1) DEFAULT 'Y' CHECK(STATUS IN('Y','N')),
    GRADE_NO NUMBER
);

-- 예약리뷰 테이블 생성
CREATE TABLE REVIEW(
    REVIEW_NO NUMBER PRIMARY KEY,
    CS_NO NUMBER NOT NULL,
    RV_CONTENT VARCHAR2(200) NOT NULL,
    RV_SCORE VARCHAR2(10) NOT NULL,
    CREATE_DATE DATE DEFAULT SYSDATE
);

-- 상담예약 테이블 생성
CREATE TABLE CONSULTING(
    CS_NO NUMBER PRIMARY KEY,
    PRODUCT_NO VARCHAR2(20) NOT NULL,
    USER_NO NUMBER NOT NULL,
    CS_CONTENT VARCHAR2(2000) NOT NULL,
    CS_DATE DATE NOT NULL,
    START_TIME VARCHAR2(10) NOT NULL,
    END_TIME VARCHAR2(10) NOT NULL,
    STATUS VARCHAR2(1) DEFAULT 'Y' CHECK(STATUS IN('Y', 'N'))
);

-- 협력업체 신청 테이블
CREATE TABLE COLLABORATION_CP(
    CP_NO NUMBER PRIMARY KEY,
    USER_NO NUMBER NOT NULL,
    CP_TITLE VARCHAR2(100) NOT NULL,
    CP_CONTENT VARCHAR2(4000) NOT NULL,
    CP_DATE DATE NOT NULL,
    STATUS VARCHAR2(1) DEFAULT 'Y' CHECK(STATUS IN('Y','N'))
);

-- 회원등급 테이블
CREATE TABLE MEMBER_GRADE(
    GRADE_NO NUMBER PRIMARY KEY,
    GRADE_NAME VARCHAR2(50) NOT NULL
);

CREATE TABLE TAG(
   PRODUCT_NO VARCHAR2(20),
   TAG_CONTENT VARCHAR2(100) NOT NULL
);

--코멘트 추가
COMMENT ON COLUMN TAG.PRODUCT_NO IS '제품번호';
COMMENT ON COLUMN TAG.TAG_CONTENT IS '태그내용';
COMMENT ON COLUMN REVIEW.REVIEW_NO IS '리뷰번호';
COMMENT ON COLUMN REVIEW.CS_NO IS '상담예약번호';
COMMENT ON COLUMN REVIEW.RV_CONTENT IS '내용';
COMMENT ON COLUMN REVIEW.RV_SCORE IS '평점';
COMMENT ON COLUMN REVIEW.CREATE_DATE IS '작성일';
COMMENT ON COLUMN CONSULTING.CS_NO IS '상담예약번호';
COMMENT ON COLUMN CONSULTING.PRODUCT_NO IS '제품번호';
COMMENT ON COLUMN CONSULTING.USER_NO IS '회원번호';
COMMENT ON COLUMN CONSULTING.CS_CONTENT IS '상담내용';
COMMENT ON COLUMN CONSULTING.CS_DATE IS '상담일';
COMMENT ON COLUMN CONSULTING.START_TIME IS '상담시작시간';
COMMENT ON COLUMN CONSULTING.END_TIME IS '상담종료시간';
COMMENT ON COLUMN CONSULTING.STATUS IS '상태';
COMMENT ON COLUMN COLLABORATION_CP.CP_NO IS '신청글번호';
COMMENT ON COLUMN COLLABORATION_CP.USER_NO IS '회원번호';
COMMENT ON COLUMN COLLABORATION_CP.CP_TITLE IS '제목';
COMMENT ON COLUMN COLLABORATION_CP.CP_CONTENT IS '내용';
COMMENT ON COLUMN COLLABORATION_CP.CP_DATE IS '작성일';
COMMENT ON COLUMN COLLABORATION_CP.STATUS IS '상태';
COMMENT ON COLUMN MEMBER_GRADE.GRADE_NO IS '회원등급';
COMMENT ON COLUMN MEMBER_GRADE.GRADE_NAME IS '회원등급명';
COMMENT ON COLUMN MEMBER.USER_NO IS '회원번호';
COMMENT ON COLUMN MEMBER.USER_ID IS '아이디';
COMMENT ON COLUMN MEMBER.USER_PWD IS '비밀번호';
COMMENT ON COLUMN MEMBER.USER_NAME IS '이름';
COMMENT ON COLUMN MEMBER.BIRTHDAY IS '생년월일';
COMMENT ON COLUMN MEMBER.GENDER IS '신랑신부';
COMMENT ON COLUMN MEMBER.PHONE IS '전화번호';
COMMENT ON COLUMN MEMBER.EMAIL IS '이메일';
COMMENT ON COLUMN MEMBER.STATUS IS '삭제여부';
COMMENT ON COLUMN MEMBER.GRADE_NO IS '회원등급';
COMMENT ON COLUMN EVENT_BOARD.EVENT_NO IS  '이벤트게시판 번호';
COMMENT ON COLUMN EVENT_BOARD.COUPON_NO IS  '쿠폰 번호';
COMMENT ON COLUMN EVENT_BOARD.EVENT_TITLE IS  '이벤트게시판 제목';
COMMENT ON COLUMN EVENT_BOARD.EVENT_CONTENT IS  '이벤트게시판 내용';
COMMENT ON COLUMN EVENT_BOARD.CREATE_DATE IS  '작성일';
COMMENT ON COLUMN EVENT_BOARD.START_EVENT IS  '시작일';
COMMENT ON COLUMN EVENT_BOARD.END_EVENT IS  '종료일';
COMMENT ON COLUMN EVENT_BOARD.STATUS IS  '삭제여부';

COMMENT ON COLUMN COUPON.COUPON_NO IS  '쿠폰 번호';
COMMENT ON COLUMN COUPON.COUPON_CONTENT IS  '쿠폰 설명';
COMMENT ON COLUMN COUPON.COUPON_VALUE IS  '할인 금액';
COMMENT ON COLUMN COUPON.START_COUPON IS  '쿠폰 시작일';
COMMENT ON COLUMN COUPON.END_COUPON IS  '쿠폰 종료일';

COMMENT ON COLUMN USER_COUPON.COUPON_NO IS  '쿠폰 번호';
COMMENT ON COLUMN USER_COUPON.USER_NO IS  '회원 번호';
COMMENT ON COLUMN USER_COUPON.STATUS IS  '삭제여부';
     
COMMENT ON COLUMN QNA.QNA_NO IS  'QNA 번호';    
COMMENT ON COLUMN QNA.USER_NO IS  '회원 번호';    
COMMENT ON COLUMN QNA.QNA_TITLE IS  'QNA 제목';    
COMMENT ON COLUMN QNA.QNA_CONTENT IS  'QNA 내용';    
COMMENT ON COLUMN QNA.QNA_ANSWER IS  'QNA 답변';    
COMMENT ON COLUMN QNA.QNA_DATE IS  '작성일';    
COMMENT ON COLUMN QNA.STATUS IS  '삭제여부';

COMMENT ON COLUMN NOTICE.NOTICE_NO IS  '공지사항 번호';
COMMENT ON COLUMN NOTICE.USER_NO IS  '회원 번호';
COMMENT ON COLUMN NOTICE.NOTICE_TITLE IS  '공지사항 제목';
COMMENT ON COLUMN NOTICE.NOTICE_CONTENT IS  '공지사항 내용';
COMMENT ON COLUMN NOTICE.COUNT IS  '조회수';
COMMENT ON COLUMN NOTICE.NOTICE_DATE IS  '작성일';
COMMENT ON COLUMN NOTICE.STATUS IS  '삭제여부';
COMMENT ON COLUMN STUDIO.S_CODE IS '스튜디오제품번호';
COMMENT ON COLUMN STUDIO.S_ENTERPRISE IS '스튜디오업체이름';
COMMENT ON COLUMN STUDIO.S_DETAIL IS '스튜디오상세내용';
COMMENT ON COLUMN STUDIO.S_PRICE IS '스튜디오가격';
COMMENT ON COLUMN STUDIO.S_START_DATE IS '업체시작시간';
COMMENT ON COLUMN STUDIO.S_END_DATE IS '업체종료시간';
COMMENT ON COLUMN STUDIO.S_PHONE IS '업체전화번호';
COMMENT ON COLUMN STUDIO.S_ADDRESS IS '업체주소';
COMMENT ON COLUMN STUDIO.S_UNIT_TIME IS '예약시간구분';
COMMENT ON COLUMN STUDIO.S_WEEK_OPEN IS '주말영업여부';
COMMENT ON COLUMN MAKEUP.M_CODE IS '메이크업제품번호';
COMMENT ON COLUMN MAKEUP.M_ENTERPRISE IS '메이크업업체이름';
COMMENT ON COLUMN MAKEUP.M_DETAIL IS '메이크업상세내용';
COMMENT ON COLUMN MAKEUP.M_PRICE IS '메이크업가격';
COMMENT ON COLUMN MAKEUP.M_START_DATE IS '업체시작시간';
COMMENT ON COLUMN MAKEUP.M_END_DATE IS '업체종료시간';
COMMENT ON COLUMN MAKEUP.M_PHONE IS '업체전화번호';
COMMENT ON COLUMN MAKEUP.M_ADDRESS IS '업체주소';
COMMENT ON COLUMN MAKEUP.M_UNIT_TIME IS '예약시간구분';
COMMENT ON COLUMN MAKEUP.M_WEEK_OPEN IS '주말영업여부';
COMMENT ON COLUMN HALL.H_CODE IS '웨딩홀제품번호';
COMMENT ON COLUMN HALL.H_ENTERPRISE IS '웨딩홀업체이름';
COMMENT ON COLUMN HALL.H_DETAIL IS '웨딩홀상세내용';
COMMENT ON COLUMN HALL.H_SEAT IS '웨딩홀좌석수';
COMMENT ON COLUMN HALL.H_RENTAL IS '웨딩홀대관비';
COMMENT ON COLUMN HALL.H_RESTAURANT_SEAT IS '식당좌석수';
COMMENT ON COLUMN HALL.H_MEAL IS '식대';
COMMENT ON COLUMN HALL.H_START_TIME IS '업체시작시간';
COMMENT ON COLUMN HALL.H_END_TIME IS '업체종료시간';
COMMENT ON COLUMN HALL.H_PHONE IS '업체전화번호';
COMMENT ON COLUMN HALL.H_ADDRESS IS '업체주소';
COMMENT ON COLUMN HALL.H_UNIT_TIME IS '예약시간구분';
COMMENT ON COLUMN HALL.H_WEEK_OPEN IS '주말영업여부';
COMMENT ON COLUMN DRESS.D_CODE IS '드레스제품번호';
COMMENT ON COLUMN DRESS.D_ENTERPRISE IS '드레스업체이름';
COMMENT ON COLUMN DRESS.D_DETAIL IS '드레스상세내용';
COMMENT ON COLUMN DRESS.D_PRICE IS '드레스가격';
COMMENT ON COLUMN DRESS.D_START_DATE IS '업체시작시간';
COMMENT ON COLUMN DRESS.D_END_DATE IS '업체종료시간';
COMMENT ON COLUMN DRESS.D_PHONE IS '업체전화번호';
COMMENT ON COLUMN DRESS.D_ADDRESS IS '업체주소';
COMMENT ON COLUMN DRESS.D_UNIT_TIME IS '예약시간구분';
COMMENT ON COLUMN DRESS.D_WEEK_OPEN IS '주말영업여부';
COMMENT ON COLUMN RSV_BASKET.COMPANY_NO IS '업체번호';
COMMENT ON COLUMN RSV_BASKET.USER_NO IS '회원번호';

COMMENT ON COLUMN PRODUCT_IMG.IMG_NO IS '사진번호';
COMMENT ON COLUMN PRODUCT_IMG.PRODUCT_NO IS '제품번호';
COMMENT ON COLUMN PRODUCT_IMG.IMG_1 IS '3번사진';
COMMENT ON COLUMN PRODUCT_IMG.IMG_2 IS '2번사진';
COMMENT ON COLUMN PRODUCT_IMG.IMG_3 IS '1번사진';
COMMENT ON COLUMN PRODUCT_IMG.IMG_PATH IS '저장경로';
COMMENT ON COLUMN BASKET.REF_NO IS '제품번호';
COMMENT ON COLUMN BASKET.USER_NO IS '회원번호';
COMMENT ON COLUMN BASKET.COUNT IS '수량';
COMMENT ON COLUMN BUY_METHOD.BUYMETHOD_NO IS '구매방식번호';
COMMENT ON COLUMN BUY_METHOD.BUY_METHOD IS '구매방식';
COMMENT ON COLUMN BUY_METHOD.BUY_METHOD IS '구매방식';
COMMENT ON COLUMN GIFT.GIFT_NO IS '답례품번호';
COMMENT ON COLUMN GIFT.CATEGORY_NO IS '카테고리번호';
COMMENT ON COLUMN GIFT.GIFT_NAME IS '제품명';
COMMENT ON COLUMN GIFT.GIFT_CONTENT IS '제품설명';
COMMENT ON COLUMN GIFT.GIFT_PRICE IS '제품가격';
COMMENT ON COLUMN GIFT.COUNT IS '수량';
COMMENT ON COLUMN GIFT_CATEGORY.CATEGORY_NO IS '답례품카테고리번호';
COMMENT ON COLUMN GIFT_CATEGORY.CATEGORY_ITEM IS '카테고리품목';
COMMENT ON COLUMN GIFT_HISTORY.GHIS_NO IS '결제내역번호';
COMMENT ON COLUMN GIFT_HISTORY.GIFT_NO IS '답례품번호';
COMMENT ON COLUMN GIFT_HISTORY.USER_NO IS '회원번호';
COMMENT ON COLUMN GIFT_HISTORY.BUYMETHOD_NO IS '구매방식번호';
COMMENT ON COLUMN GIFT_HISTORY.PAYMENT_NO IS '결제번호';
COMMENT ON COLUMN GIFT_HISTORY.CATEGORY_NO IS '카테고리번호';
COMMENT ON COLUMN GIFT_HISTORY.CREATE_DATE IS '결제일자';
COMMENT ON COLUMN GIFT_IMG.REVIEW_NO IS '리뷰번호';
COMMENT ON COLUMN GIFT_IMG.G_ORIGIN_NAME IS '원본파일명';
COMMENT ON COLUMN GIFT_IMG.G_CHANGE_NAME IS '수정파일명';
COMMENT ON COLUMN GIFT_IMG.G_FILE_PATH IS '이미지경로';
COMMENT ON COLUMN GIFT_REVIEW.GRIV_NO IS '리뷰번호';
COMMENT ON COLUMN GIFT_REVIEW.GHIS_NO IS '결제내역번호';
COMMENT ON COLUMN GIFT_REVIEW.GRIV_CONTENT IS '내용';
COMMENT ON COLUMN GIFT_REVIEW.GRIV_GRADE IS '평점';
COMMENT ON COLUMN GIFT_REVIEW.CREATE_DATE IS '작성일';
COMMENT ON COLUMN GREAT.GREAT_NO IS '제품번호';
COMMENT ON COLUMN GREAT.USER_NO IS '회원번호';
COMMENT ON COLUMN PAYMENT.PAYMENT_NO IS '결제번호';
COMMENT ON COLUMN PAYMENT.TOTAL_PAY IS '결제총금액';
COMMENT ON COLUMN PAYMENT.DISCOUNT IS '할인금액';
COMMENT ON COLUMN RESERVE_IMG.REVIEW_NO IS '리뷰번호';
COMMENT ON COLUMN RESERVE_IMG.ORIGIN_NAME IS '원본파일명';
COMMENT ON COLUMN RESERVE_IMG.CHANGE_NAME IS '수정파일명';
COMMENT ON COLUMN RESERVE_IMG.FILE_PATH IS '이미지경로';
-----------------------------------------------------

--제약조건 추가
ALTER TABLE MEMBER ADD FOREIGN KEY(GRADE_NO) REFERENCES MEMBER_GRADE(GRADE_NO);
ALTER TABLE REVIEW ADD FOREIGN KEY(CS_NO) REFERENCES CONSULTING(CS_NO);
ALTER TABLE CONSULTING ADD FOREIGN KEY(USER_NO) REFERENCES MEMBER(USER_NO);
ALTER TABLE COLLABORATION_CP ADD FOREIGN KEY(USER_NO) REFERENCES MEMBER(USER_NO);
ALTER TABLE GREAT ADD FOREIGN KEY(USER_NO) REFERENCES MEMBER(USER_NO);
ALTER TABLE BASKET ADD FOREIGN KEY(USER_NO) REFERENCES MEMBER(USER_NO);
ALTER TABLE GIFT_REVIEW ADD FOREIGN KEY(GHIS_NO) REFERENCES GIFT_HISTORY(GHIS_NO);
ALTER TABLE GIFT_HISTORY ADD FOREIGN KEY(GIFT_NO) REFERENCES GIFT(GIFT_NO);
ALTER TABLE GIFT_HISTORY ADD FOREIGN KEY(USER_NO) REFERENCES MEMBER(USER_NO);
ALTER TABLE GIFT_HISTORY ADD FOREIGN KEY(BUYMETHOD_NO) REFERENCES BUY_METHOD(BUYMETHOD_NO);
ALTER TABLE GIFT_HISTORY ADD FOREIGN KEY(PAYMENT_NO) REFERENCES PAYMENT(PAYMENT_NO);
ALTER TABLE GIFT ADD FOREIGN KEY(CATEGORY_NO) REFERENCES GIFT_CATEGORY(CATEGORY_NO);
ALTER TABLE RESERVE_IMG ADD FOREIGN KEY(REVIEW_NO) REFERENCES REVIEW(REVIEW_NO);
ALTER TABLE USER_COUPON ADD FOREIGN KEY(COUPON_NO) REFERENCES COUPON(COUPON_NO);
ALTER TABLE USER_COUPON ADD FOREIGN KEY(USER_NO) REFERENCES MEMBER(USER_NO);
ALTER TABLE QNA ADD FOREIGN KEY(USER_NO) REFERENCES MEMBER(USER_NO);
ALTER TABLE NOTICE ADD FOREIGN KEY(USER_NO) REFERENCES MEMBER(USER_NO);
ALTER TABLE RSV_BASKET ADD FOREIGN KEY(USER_NO) REFERENCES MEMBER(USER_NO);

-- 테스트 데이터 삽입
-- 웨딩홀
INSERT
  INTO HALL
VALUES('H'||SEQ_HNO.NEXTVAL,'브라이드 밸리','아이리스홀','양재역에 위치한 교통좋은 브라이드밸리 웨딩홀',500,1000000,150,70000
,'9','18','010-1234-1234','서울 강남구 강남대로 262 B1층 브라이드밸리 웨딩홀',1,'Y');
INSERT
  INTO HALL
VALUES('H'||SEQ_HNO.NEXTVAL,'더채플앳논현','그냥홀','단체 이용 가능, 주차, 예약, 무선 인터넷, 남/녀 화장실 구분',300,1500000,100,60000
,'9','18','010-2344-1234','서울 강남구 논현로79길 72 올림피아센터빌딩',30,'Y');
INSERT
  INTO HALL
VALUES('H'||SEQ_HNO.NEXTVAL,'라비돌웨딩','처치홀','안녕하세요',400,1000000,200,80000
,'9','18','010-2344-1234','서울 마포구 논현로 549',1,'Y');
INSERT
  INTO HALL
VALUES('H'||SEQ_HNO.NEXTVAL,'더휴웨딩홀','블랙홀','안녕하세요',400,1000000,200,80000
,'9','18','010-2344-1234','서울 영등포구 언주로 508 상록회관 5층',1,'Y');
INSERT
  INTO HALL
VALUES('H'||SEQ_HNO.NEXTVAL,'상록아트홀','포홀','안녕하세요',400,1000000,200,80000
,'9','18','010-2344-1234','서울 서초구 테헤란로 407 EK-TOWER 2층',1,'Y');
INSERT
  INTO HALL
VALUES('H'||SEQ_HNO.NEXTVAL,'kh홀','정보홀','안녕하시욧',400,1000000,200,80000
,'9','18','010-2344-1234','서울 서초구 테헤란로 407 EK-TOWER 99층',1,'Y');
INSERT
  INTO HALL
VALUES('H'||SEQ_HNO.NEXTVAL,'find in the 홀','파인드인더홀','안녕하시유',400,1000000,200,80000
,'9','18','010-2344-1234','서울 서초구 테헤란로 407 EK-TOWER 99층',1,'Y');


--제품사진
INSERT 
  INTO PRODUCT_IMG
VALUES(SEQ_IMG.NEXTVAL,'H1','HALL1_1.JPG', 'HALL1_2.JPG', 'HALL1_3.JPG', NULL);
INSERT 
  INTO PRODUCT_IMG
VALUES(SEQ_IMG.NEXTVAL,'H2','HALL2_1.JPG', 'HALL2_2.JPG', 'HALL2_3.JPG', NULL);
INSERT 
  INTO PRODUCT_IMG
VALUES(SEQ_IMG.NEXTVAL,'H3','HALL3_1.JPG', 'HALL3_2.JPG', 'HALL3_3.JPG', NULL);
INSERT 
  INTO PRODUCT_IMG
VALUES(SEQ_IMG.NEXTVAL,'H4','HALL4_1.JPG', 'HALL4_2.JPG', 'HALL4_3.JPG', NULL);
INSERT 
  INTO PRODUCT_IMG
VALUES(SEQ_IMG.NEXTVAL,'H5','HALL5_1.JPG', 'HALL5_2.JPG', 'HALL5_3.JPG', NULL);
INSERT 
  INTO PRODUCT_IMG
VALUES(SEQ_IMG.NEXTVAL,'H6','HALL6_1.JPG', 'HALL6_2.JPG', 'HALL6_3.JPG', NULL);
INSERT 
  INTO PRODUCT_IMG
VALUES(SEQ_IMG.NEXTVAL,'H7','HALL7_1.JPG', 'HALL7_2.JPG', 'HALL7_3.JPG', NULL);

.
INSERT 
  INTO PRODUCT_IMG
VALUES(SEQ_IMG.NEXTVAL,'D1','DRESS1_1.JPG', 'DRESS1_2.JPG', 'DRESS1_3.JPG', NULL);
INSERT 
  INTO PRODUCT_IMG
VALUES(SEQ_IMG.NEXTVAL,'D2','DRESS2_1.JPG', 'DRESS2_2.JPG', 'DRESS2_3.JPG', NULL);
INSERT 
  INTO PRODUCT_IMG
VALUES(SEQ_IMG.NEXTVAL,'D3','DRESS3_1.JPG', 'DRESS3_2.JPG', 'DRESS3_3.JPG', NULL);
INSERT 
  INTO PRODUCT_IMG
VALUES(SEQ_IMG.NEXTVAL,'D4','DRESS4_1.JPG', 'DRESS4_2.JPG', 'DRESS4_3.JPG', NULL);
INSERT 
  INTO PRODUCT_IMG
VALUES(SEQ_IMG.NEXTVAL,'M1','MAKEUP1.JPG', 'MAKEUP2.JPG', 'MAKEUP3.JPG', NULL);

--회원등급
INSERT 
  INTO MEMBER_GRADE
     (GRADE_NO, GRADE_NAME)
VALUES
     (1, '일반회원');
INSERT 
  INTO MEMBER_GRADE
     (GRADE_NO, GRADE_NAME)
VALUES
     (2, '관리자');

-- 사용자 테이블 샘플DB 생성
INSERT INTO MEMBER(USER_NO, USER_ID, USER_PWD, USER_NAME, BIRTHDAY, GENDER, PHONE, EMAIL, STATUS, GRADE_NO) 
VALUES (SEQ_MNO.NEXTVAL, 'admin', '1234', '관리자', TO_DATE('1990-01-01', 'YYYY-MM-DD'), 'M', '010-1234-6789', 'admin@kh.com', 'Y', 1);
INSERT INTO MEMBER(USER_NO, USER_ID, USER_PWD, USER_NAME, BIRTHDAY, GENDER, PHONE, EMAIL, STATUS, GRADE_NO) 
VALUES (SEQ_MNO.NEXTVAL, 'user01', 'pass01', '양관우', TO_DATE('1991-01-11', 'YYYY-MM-DD'), 'M', '010-1111-6789', 'sample1@kh.com', 'Y', 1);
INSERT INTO MEMBER(USER_NO, USER_ID, USER_PWD, USER_NAME, BIRTHDAY, GENDER, PHONE, EMAIL, STATUS, GRADE_NO) 
VALUES (SEQ_MNO.NEXTVAL, 'user02', 'pass02', '이원종', TO_DATE('1992-02-21', 'YYYY-MM-DD'), 'M', '010-2222-6789', 'sample2@kh.com', 'N', 1);
INSERT INTO MEMBER(USER_NO, USER_ID, USER_PWD, USER_NAME, BIRTHDAY, GENDER, PHONE, EMAIL, STATUS, GRADE_NO) 
VALUES (SEQ_MNO.NEXTVAL, 'user03', 'pass03', '윤재성', TO_DATE('1993-03-11', 'YYYY-MM-DD'), 'M', '010-3333-6789', 'sample3@kh.com', 'Y', 1);
INSERT INTO MEMBER(USER_NO, USER_ID, USER_PWD, USER_NAME, BIRTHDAY, GENDER, PHONE, EMAIL, STATUS, GRADE_NO) 
VALUES (SEQ_MNO.NEXTVAL, 'user04', 'pass04', '김시연', TO_DATE('1994-04-21', 'YYYY-MM-DD'), 'F', '010-4444-6789', 'sample4@kh.com', 'Y', 1);

-- 상담예약 테이블 샘플DB 생성
INSERT INTO CONSULTING(CS_NO, PRODUCT_NO, USER_NO, CS_CONTENT, CS_DATE, START_TIME, END_TIME, STATUS)
VALUES (SEQ_CSNO.NEXTVAL, 'H1', 1, '스튜디오 문의요', TO_DATE('2023-06-21', 'YYYY-MM-DD'), '10:00', '12:00', 'Y');
INSERT INTO CONSULTING(CS_NO, PRODUCT_NO, USER_NO, CS_CONTENT, CS_DATE, START_TIME, END_TIME, STATUS)
VALUES (SEQ_CSNO.NEXTVAL, 'H1', 2, '드레스 문의요', TO_DATE('2024-06-21', 'YYYY-MM-DD'), '10:00', '12:00', 'Y');
INSERT INTO CONSULTING(CS_NO, PRODUCT_NO, USER_NO, CS_CONTENT, CS_DATE, START_TIME, END_TIME, STATUS)
VALUES (SEQ_CSNO.NEXTVAL, 'H1', 3, 'MAKEUP 문의요', TO_DATE('2025-06-21', 'YYYY-MM-DD'), '10:00', '12:00', 'N');
INSERT INTO CONSULTING(CS_NO, PRODUCT_NO, USER_NO, CS_CONTENT, CS_DATE, START_TIME, END_TIME, STATUS)
VALUES (SEQ_CSNO.NEXTVAL, 'H1', 4, '스튜디오 문의요2', TO_DATE('2026-06-21', 'YYYY-MM-DD'), '10:00', '12:00', 'Y');
INSERT INTO CONSULTING(CS_NO, PRODUCT_NO, USER_NO, CS_CONTENT, CS_DATE, START_TIME, END_TIME, STATUS)
VALUES (SEQ_CSNO.NEXTVAL, 'H2', 5, '드레스 문의요2', TO_DATE('2027-06-21', 'YYYY-MM-DD'), '10:00', '12:00', 'Y');

-- 예약리뷰 테이블 샘플DB 생성
INSERT INTO REVIEW(REVIEW_NO, CS_NO, RV_CONTENT, RV_SCORE, CREATE_DATE)
VALUES (SEQ_RVNO.NEXTVAL, 1, '좋은 서비스입니다!', '5', TO_DATE('2022-04-21', 'YYYY-MM-DD'));
INSERT INTO REVIEW(REVIEW_NO, CS_NO, RV_CONTENT, RV_SCORE, CREATE_DATE)
VALUES (SEQ_RVNO.NEXTVAL, 2, '진짜 별로네요.', '1', TO_DATE('2022-05-21', 'YYYY-MM-DD'));
INSERT INTO REVIEW(REVIEW_NO, CS_NO, RV_CONTENT, RV_SCORE, CREATE_DATE)
VALUES (SEQ_RVNO.NEXTVAL, 3, '나쁘지 않아', '3', TO_DATE('2023-04-21', 'YYYY-MM-DD'));
INSERT INTO REVIEW(REVIEW_NO, CS_NO, RV_CONTENT, RV_SCORE, CREATE_DATE)
VALUES (SEQ_RVNO.NEXTVAL, 4, '좋네요', '4', TO_DATE('2023-05-21', 'YYYY-MM-DD'));
INSERT INTO REVIEW(REVIEW_NO, CS_NO, RV_CONTENT, RV_SCORE, CREATE_DATE)
VALUES (SEQ_RVNO.NEXTVAL, 5, '그냥 그래요', '3', TO_DATE('2023-06-21', 'YYYY-MM-DD'));

-- 협력업체 신청 테이블 샘플DB 생성
INSERT INTO COLLABORATION_CP (CP_NO, USER_NO, CP_TITLE, CP_CONTENT, CP_DATE, STATUS) 
VALUES (SEQ_CPNO.NEXTVAL, 1, '샘플 협력 업체 제목 1', '샘플 협력 업체 내용 1', TO_DATE('2021-06-21', 'YYYY-MM-DD'), 'Y');
INSERT INTO COLLABORATION_CP (CP_NO, USER_NO, CP_TITLE, CP_CONTENT, CP_DATE, STATUS) 
VALUES (SEQ_CPNO.NEXTVAL, 1, '샘플 협력 업체 제목 2', '샘플 협력 업체 내용 2', TO_DATE('2022-06-21', 'YYYY-MM-DD'), 'Y');
INSERT INTO COLLABORATION_CP (CP_NO, USER_NO, CP_TITLE, CP_CONTENT, CP_DATE, STATUS) 
VALUES (SEQ_CPNO.NEXTVAL, 1, '샘플 협력 업체 제목 3', '샘플 협력 업체 내용 3', TO_DATE('2023-06-21', 'YYYY-MM-DD'), 'Y');
INSERT INTO COLLABORATION_CP (CP_NO, USER_NO, CP_TITLE, CP_CONTENT, CP_DATE, STATUS) 
VALUES (SEQ_CPNO.NEXTVAL, 1, '샘플 협력 업체 제목 4', '샘플 협력 업체 내용 4', TO_DATE('2023-07-21', 'YYYY-MM-DD'), 'Y');
INSERT INTO COLLABORATION_CP (CP_NO, USER_NO, CP_TITLE, CP_CONTENT, CP_DATE, STATUS) 
VALUES (SEQ_CPNO.NEXTVAL, 1, '샘플 협력 업체 제목 5', '샘플 협력 업체 내용 5', TO_DATE('2023-08-21', 'YYYY-MM-DD'), 'Y');

-- 좋아요 INSERT
INSERT INTO GREAT(GREAT_NO, USER_NO)VALUES(1, 1);
INSERT INTO GREAT(GREAT_NO, USER_NO)VALUES(2, 2);
INSERT INTO GREAT(GREAT_NO, USER_NO)VALUES(3, 3);
INSERT INTO GREAT(GREAT_NO, USER_NO)VALUES(4, 4);
INSERT INTO GREAT(GREAT_NO, USER_NO)VALUES(5, 5);

-- 장바구니
INSERT INTO BASKET(REF_NO, USER_NO, COUNT)VALUES(1, 1, 10);
INSERT INTO BASKET(REF_NO, USER_NO, COUNT)VALUES(2, 1, 10);
INSERT INTO BASKET(REF_NO, USER_NO, COUNT)VALUES(2, 2, 20);
INSERT INTO BASKET(REF_NO, USER_NO, COUNT)VALUES(3, 2, 20);
INSERT INTO BASKET(REF_NO, USER_NO, COUNT)VALUES(3, 3, 30);
INSERT INTO BASKET(REF_NO, USER_NO, COUNT)VALUES(4, 3, 30);
INSERT INTO BASKET(REF_NO, USER_NO, COUNT)VALUES(4, 4, 40);
INSERT INTO BASKET(REF_NO, USER_NO, COUNT)VALUES(5, 4, 40);
INSERT INTO BASKET(REF_NO, USER_NO, COUNT)VALUES(5, 5, 50);
INSERT INTO BASKET(REF_NO, USER_NO, COUNT)VALUES(4, 5, 50);


-- 예약 장바구니
INSERT INTO RSV_BASKET(COMPANY_NO, USER_NO)VALUES('S1', 1);
INSERT INTO RSV_BASKET(COMPANY_NO, USER_NO)VALUES('S1', 2);
INSERT INTO RSV_BASKET(COMPANY_NO, USER_NO)VALUES('S2', 2);
INSERT INTO RSV_BASKET(COMPANY_NO, USER_NO)VALUES('D1', 3);
INSERT INTO RSV_BASKET(COMPANY_NO, USER_NO)VALUES('M1', 3);

-- PAYMENT
INSERT INTO PAYMENT(PAYMENT_NO, TOTAL_PAY, DISCOUNT)VALUES(1, 100000, 10);
INSERT INTO PAYMENT(PAYMENT_NO, TOTAL_PAY, DISCOUNT)VALUES(2, 200000, 20);
INSERT INTO PAYMENT(PAYMENT_NO, TOTAL_PAY, DISCOUNT)VALUES(3, 300000, 30000);
INSERT INTO PAYMENT(PAYMENT_NO, TOTAL_PAY, DISCOUNT)VALUES(4, 400000, 40000);
INSERT INTO PAYMENT(PAYMENT_NO, TOTAL_PAY, DISCOUNT)VALUES(5, 500000, 50);

-- 구매방식
INSERT INTO BUY_METHOD(BUYMETHOD_NO, BUY_METHOD)VALUES(1, 1);
INSERT INTO BUY_METHOD(BUYMETHOD_NO, BUY_METHOD)VALUES(2, 2);
INSERT INTO BUY_METHOD(BUYMETHOD_NO, BUY_METHOD)VALUES(3, 1);
INSERT INTO BUY_METHOD(BUYMETHOD_NO, BUY_METHOD)VALUES(4, 2);
INSERT INTO BUY_METHOD(BUYMETHOD_NO, BUY_METHOD)VALUES(5, 1);

-- 답례품 카테고리
INSERT INTO GIFT_CATEGORY(CATEGORY_NO, CATEGORY_ITEM)VALUES(1, '와인');
INSERT INTO GIFT_CATEGORY(CATEGORY_NO, CATEGORY_ITEM)VALUES(2, '치킨');
INSERT INTO GIFT_CATEGORY(CATEGORY_NO, CATEGORY_ITEM)VALUES(3, '스팸');
INSERT INTO GIFT_CATEGORY(CATEGORY_NO, CATEGORY_ITEM)VALUES(4, '런천미트');
INSERT INTO GIFT_CATEGORY(CATEGORY_NO, CATEGORY_ITEM)VALUES(5, '그저그런스팸');

-- 답례품 (GIFT)
INSERT INTO GIFT VALUES(SEQ_GBO.NEXTVAL,1,'접시','루이14세 접시','140000',200);
INSERT INTO GIFT VALUES(SEQ_GBO.NEXTVAL,1,'다이아반지','겁나 큰 다이아','200000',150);
INSERT INTO GIFT VALUES(SEQ_GBO.NEXTVAL,1,'커피','아메리카노','4500',300);
INSERT INTO GIFT VALUES(SEQ_GBO.NEXTVAL,1,'수건','목욕탕에서 훔친 수건','20000',1000);
INSERT INTO GIFT VALUES(SEQ_GBO.NEXTVAL,1,'감자','강원도 왕감자 1kg','20000',400);

-- 답례품 리뷰 사진
INSERT INTO GIFT_IMG(REVIEW_NO, G_ORIGIN_NAME, G_CHANGE_NAME, G_FILE_PATH )VALUES(1,'cat1.png', '2023082312073052065.png', 'resources/reviewfiles');
INSERT INTO GIFT_IMG(REVIEW_NO, G_ORIGIN_NAME, G_CHANGE_NAME, G_FILE_PATH )VALUES(2,'cat2.png', '2023082312073052064.png', 'resources/reviewfiles');
INSERT INTO GIFT_IMG(REVIEW_NO, G_ORIGIN_NAME, G_CHANGE_NAME, G_FILE_PATH )VALUES(3,'cat3.png', '2023082312073052063.png', 'resources/reviewfiles');
INSERT INTO GIFT_IMG(REVIEW_NO, G_ORIGIN_NAME, G_CHANGE_NAME, G_FILE_PATH )VALUES(4,'cat4.png', '2023082312073052062.png', 'resources/reviewfiles');
INSERT INTO GIFT_IMG(REVIEW_NO, G_ORIGIN_NAME, G_CHANGE_NAME, G_FILE_PATH )VALUES(5,'cat5.png', '2023082312073052061.png', 'resources/reviewfiles');

-- 답례품 결재 내역
INSERT INTO GIFT_HISTORY VALUES(SEQ_GHIS.NEXTVAL, 2, 1, 1, 1, 1, SYSDATE);
INSERT INTO GIFT_HISTORY VALUES(SEQ_GHIS.NEXTVAL, 2, 1, 1, 1, 1, SYSDATE);
INSERT INTO GIFT_HISTORY VALUES(SEQ_GHIS.NEXTVAL, 2, 1, 1, 1, 1, SYSDATE);
INSERT INTO GIFT_HISTORY VALUES(SEQ_GHIS.NEXTVAL, 2, 1, 1, 1, 1, SYSDATE);
INSERT INTO GIFT_HISTORY VALUES(SEQ_GHIS.NEXTVAL, 2, 1, 1, 1, 1, SYSDATE);


-- 답례품 리뷰
INSERT INTO GIFT_REVIEW(GRIV_NO, GHIS_NO , GRIV_CONTENT, GRIV_GRADE, CREATE_DATE)VALUES(50, 1, '덕분에 싸게 잘샀어요.', 5,SYSDATE);
INSERT INTO GIFT_REVIEW(GRIV_NO, GHIS_NO , GRIV_CONTENT, GRIV_GRADE, CREATE_DATE)VALUES(2, 2, '잘못 산거같아요.',5, SYSDATE);
INSERT INTO GIFT_REVIEW(GRIV_NO, GHIS_NO , GRIV_CONTENT, GRIV_GRADE, CREATE_DATE)VALUES(3, 3, '그저그래요.', 3, SYSDATE);
INSERT INTO GIFT_REVIEW(GRIV_NO, GHIS_NO , GRIV_CONTENT, GRIV_GRADE, CREATE_DATE)VALUES(4, 4, '감사합니다.', 4, SYSDATE);
INSERT INTO GIFT_REVIEW(GRIV_NO, GHIS_NO , GRIV_CONTENT, GRIV_GRADE, CREATE_DATE)VALUES(5, 5, '이분에게 사길 잘했네요.', 5, SYSDATE);

-- 공지사항 예시
INSERT 
  INTO NOTICE
     ( NOTICE_NO ,USER_NO ,NOTICE_TITLE ,NOTICE_CONTENT ,COUNT ,NOTICE_DATE ,STATUS)
values
     ( seq_nbo.nextval ,1 ,'공지사항1' ,'공지사항 내용1' ,DEFAULT ,DEFAULT ,DEFAULT);
INSERT 
  INTO NOTICE
     ( NOTICE_NO ,USER_NO ,NOTICE_TITLE ,NOTICE_CONTENT ,COUNT ,NOTICE_DATE ,STATUS)
values
     ( seq_nbo.nextval ,1 ,'공지사항2' ,'공지사항 내용2' ,DEFAULT ,DEFAULT ,DEFAULT);
INSERT 
  INTO NOTICE
     ( NOTICE_NO ,USER_NO ,NOTICE_TITLE ,NOTICE_CONTENT ,COUNT ,NOTICE_DATE ,STATUS)
values
     ( seq_nbo.nextval ,1 ,'공지사항3' ,'공지사항 내용3' ,DEFAULT ,DEFAULT ,DEFAULT);
INSERT 
  INTO NOTICE
     ( NOTICE_NO ,USER_NO ,NOTICE_TITLE ,NOTICE_CONTENT ,COUNT ,NOTICE_DATE ,STATUS)
values
     ( seq_nbo.nextval ,1 ,'공지사항4' ,'공지사항 내용4' ,DEFAULT ,DEFAULT ,DEFAULT);
INSERT 
  INTO NOTICE
     ( NOTICE_NO ,USER_NO ,NOTICE_TITLE ,NOTICE_CONTENT ,COUNT ,NOTICE_DATE ,STATUS)
values
     ( seq_nbo.nextval ,1 ,'공지사항5' ,'공지사항 내용5' ,DEFAULT ,DEFAULT ,DEFAULT);


-- qna 인서트
INSERT 
  INTO QNA
     (QNA_NO ,USER_NO ,QNA_TITLE ,QNA_CONTENT ,QNA_ANSWER ,QNA_DATE ,STATUS) 
VALUES
     ( seq_qbo.nextval, 1, 'QNA1' ,'QNA 내용1' ,'QNA답변1' ,DEFAULT ,DEFAULT );
INSERT 
  INTO QNA
     (QNA_NO ,USER_NO ,QNA_TITLE ,QNA_CONTENT ,QNA_ANSWER ,QNA_DATE ,STATUS) 
VALUES
     ( seq_qbo.nextval, 1, 'QNA2' ,'QNA 내용2' ,'QNA답변1' ,DEFAULT ,DEFAULT );
INSERT 
  INTO QNA
     (QNA_NO ,USER_NO ,QNA_TITLE ,QNA_CONTENT ,QNA_ANSWER ,QNA_DATE ,STATUS) 
VALUES
     ( seq_qbo.nextval, 1, 'QNA3' ,'QNA 내용3' ,'QNA답변1' ,DEFAULT ,DEFAULT );
INSERT 
  INTO QNA
     (QNA_NO ,USER_NO ,QNA_TITLE ,QNA_CONTENT ,QNA_ANSWER ,QNA_DATE ,STATUS) 
VALUES
     ( seq_qbo.nextval, 1, 'QNA4' ,'QNA 내용4' ,'QNA답변1' ,DEFAULT ,DEFAULT );
INSERT 
  INTO QNA
     (QNA_NO ,USER_NO ,QNA_TITLE ,QNA_CONTENT ,QNA_ANSWER ,QNA_DATE ,STATUS) 
VALUES
     ( seq_qbo.nextval, 1, 'QNA5' ,'QNA 내용5' ,'QNA답변1' ,DEFAULT ,DEFAULT );


-- 쿠폰번호
INSERT 
  INTO COUPON
     (COUPON_NO ,COUPON_CONTENT ,COUPON_VALUE ,START_COUPON ,END_COUPON) 
VALUES
     (1 ,'쿠폰1' ,1000 ,DEFAULT , TO_DATE('2024-03-25', 'YYYY-MM-DD'));
INSERT 
  INTO COUPON
     (COUPON_NO ,COUPON_CONTENT ,COUPON_VALUE ,START_COUPON ,END_COUPON) 
VALUES
     (2 ,'쿠폰2' ,1000 ,DEFAULT , TO_DATE('2024-03-25', 'YYYY-MM-DD'));
INSERT 
  INTO COUPON
     (COUPON_NO ,COUPON_CONTENT ,COUPON_VALUE ,START_COUPON ,END_COUPON) 
VALUES
     (3 ,'쿠폰3' ,1000 ,DEFAULT , TO_DATE('2024-03-25', 'YYYY-MM-DD'));
INSERT 
  INTO COUPON
     (COUPON_NO ,COUPON_CONTENT ,COUPON_VALUE ,START_COUPON ,END_COUPON) 
VALUES
     (4 ,'쿠폰4' ,1000 ,DEFAULT , TO_DATE('2024-03-25', 'YYYY-MM-DD'));
INSERT 
  INTO COUPON
     (COUPON_NO ,COUPON_CONTENT ,COUPON_VALUE ,START_COUPON ,END_COUPON) 
VALUES
     (5 ,'쿠폰5' ,1000 ,DEFAULT , TO_DATE('2024-03-25', 'YYYY-MM-DD'));



-- 이벤트게시판
INSERT 
  INTO EVENT_BOARD
     (EVENT_NO ,COUPON_NO ,EVENT_TITLE ,EVENT_CONTENT ,CREATE_DATE ,START_EVENT ,END_EVENT ,STATUS)
VALUES
     (seq_eno.nextval ,1 ,'이벤트 게시판1' ,'이벤트 내용1' ,DEFAULT ,DEFAULT ,TO_DATE('2024-03-25', 'YYYY-MM-DD') ,DEFAULT);
INSERT 
  INTO EVENT_BOARD
     (EVENT_NO ,COUPON_NO ,EVENT_TITLE ,EVENT_CONTENT ,CREATE_DATE ,START_EVENT ,END_EVENT ,STATUS)
VALUES
     (seq_eno.nextval ,2 ,'이벤트 게시판2' ,'이벤트 내용2' ,DEFAULT ,DEFAULT ,TO_DATE('2024-03-25', 'YYYY-MM-DD') ,DEFAULT);
INSERT 
  INTO EVENT_BOARD
     (EVENT_NO ,COUPON_NO ,EVENT_TITLE ,EVENT_CONTENT ,CREATE_DATE ,START_EVENT ,END_EVENT ,STATUS)
VALUES
     (seq_eno.nextval ,3 ,'이벤트 게시판3' ,'이벤트 내용3' ,DEFAULT ,DEFAULT ,TO_DATE('2024-03-25', 'YYYY-MM-DD') ,DEFAULT);
INSERT 
  INTO EVENT_BOARD
     (EVENT_NO ,COUPON_NO ,EVENT_TITLE ,EVENT_CONTENT ,CREATE_DATE ,START_EVENT ,END_EVENT ,STATUS)
VALUES
     (seq_eno.nextval ,4 ,'이벤트 게시판4' ,'이벤트 내용4' ,DEFAULT ,DEFAULT ,TO_DATE('2024-03-25', 'YYYY-MM-DD') ,DEFAULT);
INSERT 
  INTO EVENT_BOARD
     (EVENT_NO ,COUPON_NO ,EVENT_TITLE ,EVENT_CONTENT ,CREATE_DATE ,START_EVENT ,END_EVENT ,STATUS)
VALUES
     (seq_eno.nextval ,5 ,'이벤트 게시판5' ,'이벤트 내용5' ,DEFAULT ,DEFAULT ,TO_DATE('2024-03-25', 'YYYY-MM-DD') ,DEFAULT);
     

-- 유저 쿠폰
INSERT 
  INTO USER_COUPON
     (COUPON_NO ,USER_NO ,STATUS)
VALUES
     (1 ,1 ,DEFAULT);
INSERT 
  INTO USER_COUPON
     (COUPON_NO ,USER_NO ,STATUS)
VALUES
     (2 ,2 ,DEFAULT);
INSERT 
  INTO USER_COUPON
     (COUPON_NO ,USER_NO ,STATUS)
VALUES
     (3 ,3 ,DEFAULT);
INSERT 
  INTO USER_COUPON
     (COUPON_NO ,USER_NO ,STATUS)
VALUES
     (4 ,4 ,DEFAULT);
INSERT 
  INTO USER_COUPON
     (COUPON_NO ,USER_NO ,STATUS)
VALUES
     (5 ,5 ,DEFAULT);

-- 메이크업
INSERT 
  INTO MAKEUP
     (M_CODE ,M_ENTERPRISE ,M_DETAIL ,M_PRICE ,M_START_DATE ,M_END_DATE ,M_PHONE ,M_ADDRESS ,M_UNIT_TIME ,M_WEEK_OPEN) 
VALUES
     ('M'||seq_mkno.nextval, '업체1', '업체 내용1', 1000000, '9', '18', '010-1234-5678', '서울 강남구 역삼 머시깽이', 1,'Y');
INSERT 
  INTO MAKEUP
     (M_CODE ,M_ENTERPRISE ,M_DETAIL ,M_PRICE ,M_START_DATE ,M_END_DATE ,M_PHONE ,M_ADDRESS ,M_UNIT_TIME ,M_WEEK_OPEN) 
VALUES
     ('M'||seq_mkno.nextval, '업체2', '업체 내용2', 1000000, '9', '18', '010-1234-5678', '서울 강남구 역삼 머시깽이', 1,'Y');
INSERT 
  INTO MAKEUP
     (M_CODE ,M_ENTERPRISE ,M_DETAIL ,M_PRICE ,M_START_DATE ,M_END_DATE ,M_PHONE ,M_ADDRESS ,M_UNIT_TIME ,M_WEEK_OPEN) 
VALUES
     ('M'||seq_mkno.nextval, '업체3', '업체 내용3', 1000000, '9', '18', '010-1234-5678', '서울 강남구 역삼 머시깽이', 1,'Y');
INSERT 
  INTO MAKEUP
     (M_CODE ,M_ENTERPRISE ,M_DETAIL ,M_PRICE ,M_START_DATE ,M_END_DATE ,M_PHONE ,M_ADDRESS ,M_UNIT_TIME ,M_WEEK_OPEN) 
VALUES
     ('M'||seq_mkno.nextval, '업체4', '업체 내용4', 1000000, '9', '18', '010-1234-5678', '서울 서초구 머시깽이', 1,'Y');
INSERT 
  INTO MAKEUP
VALUES
     ('M'||seq_mkno.nextval, '업체5', '업체 내용5', 1000000, '9', '18', '010-1234-5678', '서울 영등포구 머시깽이', 1,'Y');

--스튜디오
INSERT 
  INTO STUDIO
     (S_CODE ,S_ENTERPRISE ,S_DETAIL ,S_PRICE ,S_START_DATE ,S_END_DATE ,S_PHONE ,S_ADDRESS ,S_UNIT_TIME ,S_WEEK_OPEN) 
VALUES
     ('S'||seq_sno.nextval, '업체1', '업체 내용1', 1000000, '9', '18', '010-1234-5678', '서울 강남구 역삼 머시깽이', 1,'Y');
INSERT 
  INTO STUDIO
     (S_CODE ,S_ENTERPRISE ,S_DETAIL ,S_PRICE ,S_START_DATE ,S_END_DATE ,S_PHONE ,S_ADDRESS ,S_UNIT_TIME ,S_WEEK_OPEN) 
VALUES
     ('S'||seq_sno.nextval, '업체2', '업체 내용2', 1000000, '9', '18', '010-1234-5678', '서울 서초구 역삼 머시깽이', 1,'Y');
INSERT 
  INTO STUDIO
     (S_CODE ,S_ENTERPRISE ,S_DETAIL ,S_PRICE ,S_START_DATE ,S_END_DATE ,S_PHONE ,S_ADDRESS ,S_UNIT_TIME ,S_WEEK_OPEN) 
VALUES
     ('S'||seq_sno.nextval, '업체3', '업체 내용3', 1000000, '9', '18', '010-1234-5678', '서울 강남구 역삼 머시깽이', 1,'Y');
INSERT 
  INTO STUDIO
     (S_CODE ,S_ENTERPRISE ,S_DETAIL ,S_PRICE ,S_START_DATE ,S_END_DATE ,S_PHONE ,S_ADDRESS ,S_UNIT_TIME ,S_WEEK_OPEN) 
VALUES
     ('S'||seq_sno.nextval, '업체4', '업체 내용4', 1000000, '9', '18', '010-1234-5678', '서울 중구 역삼 머시깽이', 1,'Y');
INSERT 
  INTO STUDIO
     (S_CODE ,S_ENTERPRISE ,S_DETAIL ,S_PRICE ,S_START_DATE ,S_END_DATE ,S_PHONE ,S_ADDRESS ,S_UNIT_TIME ,S_WEEK_OPEN) 
VALUES
     ('S'||seq_sno.nextval, '업체5', '업체 내용5', 1000000, '9', '18', '010-1234-5678', '서울 노원구 역삼 머시깽이', 1,'Y');

-- 드레스 업체     
INSERT 
  INTO DRESS
     (D_CODE ,D_ENTERPRISE ,D_DETAIL ,D_PRICE ,D_START_DATE ,D_END_DATE ,D_PHONE ,D_ADDRESS ,D_UNIT_TIME ,D_WEEK_OPEN) 
VALUES
     ('D'||seq_dno.nextval, '업체1', '업체 내용1', 1000000, '9', '18', '010-1234-5678', '서울 강남구 역삼 머시깽이', 1,'Y');
INSERT 
  INTO DRESS
     (D_CODE ,D_ENTERPRISE ,D_DETAIL ,D_PRICE ,D_START_DATE ,D_END_DATE ,D_PHONE ,D_ADDRESS ,D_UNIT_TIME ,D_WEEK_OPEN) 
VALUES
     ('D'||seq_dno.nextval, '업체2', '업체 내용2', 1000000, '9', '18', '010-1234-5678', '서울 강남구 역삼 머시깽이', 1,'Y');
INSERT 
  INTO DRESS
     (D_CODE ,D_ENTERPRISE ,D_DETAIL ,D_PRICE ,D_START_DATE ,D_END_DATE ,D_PHONE ,D_ADDRESS ,D_UNIT_TIME ,D_WEEK_OPEN) 
VALUES
     ('D'||seq_dno.nextval, '업체3', '업체 내용3', 1000000, '9', '18', '010-1234-5678', '서울 동작구 역삼 머시깽이', 1,'Y');
INSERT 
  INTO DRESS
     (D_CODE ,D_ENTERPRISE ,D_DETAIL ,D_PRICE ,D_START_DATE ,D_END_DATE ,D_PHONE ,D_ADDRESS ,D_UNIT_TIME ,D_WEEK_OPEN) 
VALUES
     ('D'||seq_dno.nextval, '업체4', '업체 내용4', 1000000, '9', '18', '010-1234-5678', '서울 관악구 역삼 머시깽이', 1,'Y');
INSERT 
  INTO DRESS
     (D_CODE ,D_ENTERPRISE ,D_DETAIL ,D_PRICE ,D_START_DATE ,D_END_DATE ,D_PHONE ,D_ADDRESS ,D_UNIT_TIME ,D_WEEK_OPEN) 
VALUES
     ('D'||seq_dno.nextval, '업체5', '업체 내용5', 1000000, '9', '18', '010-1234-5678', '서울 송파구 역삼 머시깽이', 1,'Y');

-- 예약리뷰 사진 
INSERT INTO RESERVE_IMG(REVIEW_NO, ORIGIN_NAME, CHANGE_NAME, FILE_PATH)VALUES(1,'1', '2023082312073052066.png', 'resources/reviewfiles');
INSERT INTO RESERVE_IMG(REVIEW_NO, ORIGIN_NAME, CHANGE_NAME, FILE_PATH)VALUES(2,'2', '2023082312073052067.png', 'resources/reviewfiles');
INSERT INTO RESERVE_IMG(REVIEW_NO, ORIGIN_NAME, CHANGE_NAME, FILE_PATH)VALUES(3,'3', '2023082312073052068.png', 'resources/reviewfiles');
INSERT INTO RESERVE_IMG(REVIEW_NO, ORIGIN_NAME, CHANGE_NAME, FILE_PATH)VALUES(4,'4', '2023082312073052069.png', 'resources/reviewfiles');
INSERT INTO RESERVE_IMG(REVIEW_NO, ORIGIN_NAME, CHANGE_NAME, FILE_PATH)VALUES(5,'5', '2023082312073052060.png', 'resources/reviewfiles');

-- 해시태그
INSERT INTO TAG VALUES('H1', '예쁨, 감성적인, 가격이 싼');
INSERT INTO TAG VALUES('H2', '멋있는, 갬성, 찌끄리1');
INSERT INTO TAG VALUES('H3', '멋있는, 갬성, 찌끄리2');
INSERT INTO TAG VALUES('H4', '멋있는, 갬성, 찌끄리3');
INSERT INTO TAG VALUES('H5', '멋있는, 갬성, 찌끄리4');
INSERT INTO TAG VALUES('H6', '멋있는, 갬성, 찌끄리5');
INSERT INTO TAG VALUES('H7', '멋있는, 갬성, 찌끄리6');
INSERT INTO TAG VALUES('M1', '딱대, 맛도리, 쏴주한잔');
INSERT INTO TAG VALUES('M2', '흠냐링, 갬성, 맛도리');
INSERT INTO TAG VALUES('S1', '졸려, 배고프다, 애들아 앉아라')

;


COMMIT;